name,lat,lon,base_type,top_category,sub_category,raw_tags,osm_type,osm_id,grid_id,final_score,percentile,band_label
신고서점,37.6516546,127.0141496,서점,숨은핫플,독립/테마서점,"{""name"": ""신고서점"", ""shop"": ""books""}",node,10248733662,23,17544.497258236628,2.5,20% 이내
한국SGI도봉문화회관,37.662122,127.03424,문화공간,숨은핫플,갤러리/문화공간,"{""amenity"": ""arts_centre"", ""name"": ""한국SGI도봉문화회관"", ""name:en"": ""Korea SGI Dobong Cultural Center"", ""name:ko"": ""한국SGI도봉문화회관"", ""name:ko-Latn"": ""Hanguk SGI Dobongmunhwahoegwan"", ""ncat"": ""예술회관"", ""source"": ""http://kr.open.gugi.yahoo.com""}",node,368874340,302,67032.0058366345,16.7,20% 이내
천수함방삼계탕,37.660308,127.0238985,식당,숨은핫플,개성있는 식당,"{""amenity"": ""restaurant"", ""cuisine"": ""regional"", ""name"": ""천수함방삼계탕""}",node,4642472928,170,33695.80433803439,8.6,20% 이내
치킨매니아,37.6604397,127.0242893,식당,숨은핫플,개성있는 식당,"{""addr:city"": ""서울특별시"", ""addr:district"": ""도봉구"", ""addr:housenumber"": ""25"", ""addr:postcode"": ""01362"", ""addr:street"": ""방학로15길"", ""addr:subdistrict"": ""방학동"", ""amenity"": ""restaurant"", ""cuisine"": ""chicken"", ""delivery"": ""yes"", ""name"": ""치킨매니아"", ""opening_hours"": ""15:00-02:00"", ""takeaway"": ""yes""}",node,4642465069,170,33695.80433803439,8.6,20% 이내
치킨마루,37.6601999,127.0277781,식당,숨은핫플,개성있는 식당,"{""addr:city"": ""서울특별시"", ""addr:district"": ""도봉구"", ""addr:street"": ""방학로 (Banghang-ro)"", ""addr:subdistrict"": ""방학동"", ""amenity"": ""restaurant"", ""cuisine"": ""chicken"", ""name"": ""치킨마루"", ""outdoor_seating"": ""no"", ""smoking"": ""no"", ""takeaway"": ""yes""}",node,4642367627,202,43077.49449558871,11.1,20% 이내
김밥나라,37.6839227,127.0455894,식당,숨은핫플,개성있는 식당,"{""addr:city"": ""서울특별시"", ""addr:district"": ""도봉구"", ""addr:housenumber"": ""6"", ""addr:postcode"": ""01303"", ""addr:street"": ""도봉로181길"", ""addr:subdistrict"": ""도봉동"", ""amenity"": ""restaurant"", ""name"": ""김밥나라"", ""opening_hours"": ""24/7"", ""phone"": ""+82 2 956 8880""}",node,7669685511,489,144599.3133849729,49.4,50% 이내
시소,37.6581721,127.0364191,식당,숨은핫플,개성있는 식당,"{""amenity"": ""restaurant"", ""building"": ""commercial"", ""cuisine"": ""sushi"", ""name"": ""시소""}",way,1204389871,332,115401.7853858723,30.9,50% 이내
부부회집,37.639393,127.038409,식당,숨은핫플,개성있는 식당,"{""amenity"": ""restaurant"", ""name"": ""부부회집"", ""name:en"": ""Bubu Fish Restaurant"", ""name:ko"": ""부부회집"", ""name:ko-Latn"": ""Bubuhoejip"", ""ncat"": ""회집"", ""source"": ""http://kr.open.gugi.yahoo.com""}",node,368954959,355,104736.30665699906,24.7,50% 이내
